{"name": "Train", "loss": 1.2202085687636541, "accuracy": 0.9239794278367085, "f1": 0.7943978623859325}
