{"name": "Train", "loss": 1.1590627623541665, "accuracy": 0.9443908711025394, "f1": 0.8509074065394029}
