{"name": "Train", "loss": 1.2153292344861755, "accuracy": 0.931131468981035, "f1": 0.8545325217766557}
