{"name": "Train", "loss": 1.1679368256450045, "accuracy": 0.9434931506849316, "f1": 0.8743637191489978}
