{"name": "Train", "loss": 1.2804774602630982, "accuracy": 0.9062198649951784, "f1": 0.7896214117066093}
