{"name": "Train", "loss": 1.2310183020168286, "accuracy": 0.9390871102539377, "f1": 0.8387438869460672}
